{"0": {"3": 60, "6": 60}, "1": {"3": 60, "6": 60}, "2": {"3": 60, "6": 60}, "3": {"3": 60, "6": 60}, "4": {"3": 60, "6": 60}, "5": {"3": 60, "6": 60}, "6": {"3": 60, "6": 60}, "7": {"3": 60, "6": 60}, "8": {"3": 60, "6": 60}, "9": {"3": 60, "6": 60}, "10": {"3": 60, "6": 60}, "11": {"3": 60, "6": 60}, "12": {"3": 60, "6": 60}, "13": {"3": 60, "6": 60}, "14": {"3": 60, "6": 60}, "15": {"3": 60, "6": 60}, "16": {"3": 60, "6": 60}, "17": {"3": 60, "6": 60}, "18": {"3": 60, "6": 60}, "19": {"3": 60, "6": 60}, "20": {"3": 60, "6": 60}, "21": {"3": 60, "6": 60}, "22": {"3": 60, "6": 60}, "23": {"3": 60, "6": 60}, "24": {"3": 60, "6": 60}, "25": {"3": 60, "6": 60}, "26": {"3": 60, "6": 60}, "27": {"3": 60, "6": 60}, "28": {"3": 60, "6": 60}, "29": {"3": 60, "6": 60}, "30": {"3": 60, "6": 60}, "31": {"3": 60, "6": 60}, "32": {"3": 60, "6": 60}, "33": {"3": 60, "6": 60}, "34": {"3": 60, "6": 60}, "35": {"3": 60, "6": 60}, "36": {"3": 60, "6": 60}, "37": {"3": 60, "6": 60}, "38": {"3": 60, "6": 60}, "39": {"3": 60, "6": 60}, "40": {"3": 60, "6": 60}, "41": {"3": 60, "6": 60}, "42": {"3": 60, "6": 60}, "43": {"3": 60, "6": 60}, "44": {"3": 60, "6": 60}, "45": {"3": 60, "6": 60}, "46": {"3": 60, "6": 60}, "47": {"3": 60, "6": 60}, "48": {"3": 60, "6": 60}, "49": {"3": 60, "6": 60}, "50": {"3": 60, "6": 60}, "51": {"3": 60, "6": 60}, "52": {"3": 60, "6": 60}, "53": {"3": 60, "6": 60}, "54": {"3": 60, "6": 60}, "55": {"3": 60, "6": 60}, "56": {"3": 60, "6": 60}, "57": {"3": 60, "6": 60}, "58": {"3": 60, "6": 60}, "59": {"3": 60, "6": 60}, "60": {"3": 60, "6": 60}, "61": {"3": 60, "6": 60}, "62": {"3": 60, "6": 60}, "63": {"3": 60, "6": 60}, "64": {"3": 60, "6": 60}, "65": {"3": 60, "6": 60}, "66": {"3": 60, "6": 60}, "67": {"3": 60, "6": 60}, "68": {"3": 60, "6": 60}, "69": {"3": 60, "6": 60}, "70": {"3": 60, "6": 60}, "71": {"3": 60, "6": 60}, "72": {"3": 60, "6": 60}, "73": {"3": 60, "6": 60}, "74": {"3": 60, "6": 60}, "75": {"3": 60, "6": 60}, "76": {"3": 60, "6": 60}, "77": {"3": 60, "6": 60}, "78": {"3": 60, "6": 60}, "79": {"3": 60, "6": 60}, "80": {"0": 60, "8": 60}, "81": {"2": 60, "7": 60}, "82": {"1": 60, "9": 60}, "83": {"2": 60, "7": 60}, "84": {"4": 60, "5": 60}, "85": {"4": 60, "5": 60}, "86": {"3": 60, "6": 60}, "87": {"4": 60, "5": 60}, "88": {"0": 60, "8": 60}, "89": {"0": 60, "8": 60}, "90": {"2": 60, "7": 60}, "91": {"1": 60, "9": 60}, "92": {"3": 60, "6": 60}, "93": {"1": 60, "9": 60}, "94": {"0": 60, "8": 60}, "95": {"2": 60, "7": 60}, "96": {"4": 60, "5": 60}, "97": {"2": 60, "7": 60}, "98": {"4": 60, "5": 60}, "99": {"0": 60, "8": 60}, "100": {"4": 60, "5": 60}, "101": {"4": 60, "5": 60}, "102": {"4": 60, "5": 60}, "103": {"4": 60, "5": 60}, "104": {"4": 60, "5": 60}, "105": {"4": 60, "5": 60}, "106": {"4": 60, "5": 60}, "107": {"4": 60, "5": 60}, "108": {"4": 60, "5": 60}, "109": {"4": 60, "5": 60}, "110": {"4": 60, "5": 60}, "111": {"4": 60, "5": 60}, "112": {"4": 60, "5": 60}, "113": {"4": 60, "5": 60}, "114": {"4": 60, "5": 60}, "115": {"4": 60, "5": 60}, "116": {"4": 60, "5": 60}, "117": {"4": 60, "5": 60}, "118": {"4": 60, "5": 60}, "119": {"4": 60, "5": 60}, "120": {"4": 60, "5": 60}, "121": {"4": 60, "5": 60}, "122": {"4": 60, "5": 60}, "123": {"4": 60, "5": 60}, "124": {"4": 60, "5": 60}, "125": {"4": 60, "5": 60}, "126": {"4": 60, "5": 60}, "127": {"4": 60, "5": 60}, "128": {"4": 60, "5": 60}, "129": {"4": 60, "5": 60}, "130": {"4": 60, "5": 60}, "131": {"4": 60, "5": 60}, "132": {"4": 60, "5": 60}, "133": {"4": 60, "5": 60}, "134": {"4": 60, "5": 60}, "135": {"4": 60, "5": 60}, "136": {"4": 60, "5": 60}, "137": {"4": 60, "5": 60}, "138": {"4": 60, "5": 60}, "139": {"4": 60, "5": 60}, "140": {"4": 60, "5": 60}, "141": {"4": 60, "5": 60}, "142": {"4": 60, "5": 60}, "143": {"4": 60, "5": 60}, "144": {"4": 60, "5": 60}, "145": {"4": 60, "5": 60}, "146": {"4": 60, "5": 60}, "147": {"4": 60, "5": 60}, "148": {"4": 60, "5": 60}, "149": {"4": 60, "5": 60}, "150": {"4": 60, "5": 60}, "151": {"4": 60, "5": 60}, "152": {"4": 60, "5": 60}, "153": {"4": 60, "5": 60}, "154": {"4": 60, "5": 60}, "155": {"4": 60, "5": 60}, "156": {"4": 60, "5": 60}, "157": {"4": 60, "5": 60}, "158": {"4": 60, "5": 60}, "159": {"4": 60, "5": 60}, "160": {"4": 60, "5": 60}, "161": {"4": 60, "5": 60}, "162": {"4": 60, "5": 60}, "163": {"4": 60, "5": 60}, "164": {"4": 60, "5": 60}, "165": {"4": 60, "5": 60}, "166": {"4": 60, "5": 60}, "167": {"4": 60, "5": 60}, "168": {"4": 60, "5": 60}, "169": {"4": 60, "5": 60}, "170": {"4": 60, "5": 60}, "171": {"4": 60, "5": 60}, "172": {"4": 60, "5": 60}, "173": {"4": 60, "5": 60}, "174": {"4": 60, "5": 60}, "175": {"4": 60, "5": 60}, "176": {"4": 60, "5": 60}, "177": {"4": 60, "5": 60}, "178": {"4": 60, "5": 60}, "179": {"4": 60, "5": 60}, "180": {"2": 60, "7": 60}, "181": {"4": 60, "5": 60}, "182": {"1": 60, "9": 60}, "183": {"4": 60, "5": 60}, "184": {"3": 60, "6": 60}, "185": {"0": 60, "8": 60}, "186": {"0": 60, "8": 60}, "187": {"3": 60, "6": 60}, "188": {"3": 60, "6": 60}, "189": {"0": 60, "8": 60}, "190": {"4": 60, "5": 60}, "191": {"3": 60, "6": 60}, "192": {"4": 60, "5": 60}, "193": {"3": 60, "6": 60}, "194": {"4": 60, "5": 60}, "195": {"1": 60, "9": 60}, "196": {"3": 60, "6": 60}, "197": {"1": 60, "9": 60}, "198": {"0": 60, "8": 60}, "199": {"1": 60, "9": 60}, "200": {"0": 60, "8": 60}, "201": {"0": 60, "8": 60}, "202": {"0": 60, "8": 60}, "203": {"0": 60, "8": 60}, "204": {"0": 60, "8": 60}, "205": {"0": 60, "8": 60}, "206": {"0": 60, "8": 60}, "207": {"0": 60, "8": 60}, "208": {"0": 60, "8": 60}, "209": {"0": 60, "8": 60}, "210": {"0": 60, "8": 60}, "211": {"0": 60, "8": 60}, "212": {"0": 60, "8": 60}, "213": {"0": 60, "8": 60}, "214": {"0": 60, "8": 60}, "215": {"0": 60, "8": 60}, "216": {"0": 60, "8": 60}, "217": {"0": 60, "8": 60}, "218": {"0": 60, "8": 60}, "219": {"0": 60, "8": 60}, "220": {"0": 60, "8": 60}, "221": {"0": 60, "8": 60}, "222": {"0": 60, "8": 60}, "223": {"0": 60, "8": 60}, "224": {"0": 60, "8": 60}, "225": {"0": 60, "8": 60}, "226": {"0": 60, "8": 60}, "227": {"0": 60, "8": 60}, "228": {"0": 60, "8": 60}, "229": {"0": 60, "8": 60}, "230": {"0": 60, "8": 60}, "231": {"0": 60, "8": 60}, "232": {"0": 60, "8": 60}, "233": {"0": 60, "8": 60}, "234": {"0": 60, "8": 60}, "235": {"0": 60, "8": 60}, "236": {"0": 60, "8": 60}, "237": {"0": 60, "8": 60}, "238": {"0": 60, "8": 60}, "239": {"0": 60, "8": 60}, "240": {"0": 60, "8": 60}, "241": {"0": 60, "8": 60}, "242": {"0": 60, "8": 60}, "243": {"0": 60, "8": 60}, "244": {"0": 60, "8": 60}, "245": {"0": 60, "8": 60}, "246": {"0": 60, "8": 60}, "247": {"0": 60, "8": 60}, "248": {"0": 60, "8": 60}, "249": {"0": 60, "8": 60}, "250": {"0": 60, "8": 60}, "251": {"0": 60, "8": 60}, "252": {"0": 60, "8": 60}, "253": {"0": 60, "8": 60}, "254": {"0": 60, "8": 60}, "255": {"0": 60, "8": 60}, "256": {"0": 60, "8": 60}, "257": {"0": 60, "8": 60}, "258": {"0": 60, "8": 60}, "259": {"0": 60, "8": 60}, "260": {"0": 60, "8": 60}, "261": {"0": 60, "8": 60}, "262": {"0": 60, "8": 60}, "263": {"0": 60, "8": 60}, "264": {"0": 60, "8": 60}, "265": {"0": 60, "8": 60}, "266": {"0": 60, "8": 60}, "267": {"0": 60, "8": 60}, "268": {"0": 60, "8": 60}, "269": {"0": 60, "8": 60}, "270": {"0": 60, "8": 60}, "271": {"0": 60, "8": 60}, "272": {"0": 60, "8": 60}, "273": {"0": 60, "8": 60}, "274": {"0": 60, "8": 60}, "275": {"0": 60, "8": 60}, "276": {"0": 60, "8": 60}, "277": {"0": 60, "8": 60}, "278": {"0": 60, "8": 60}, "279": {"0": 60, "8": 60}, "280": {"2": 60, "7": 60}, "281": {"1": 60, "9": 60}, "282": {"1": 60, "9": 60}, "283": {"4": 60, "5": 60}, "284": {"2": 60, "7": 60}, "285": {"2": 60, "7": 60}, "286": {"3": 60, "6": 60}, "287": {"2": 60, "7": 60}, "288": {"1": 60, "9": 60}, "289": {"1": 60, "9": 60}, "290": {"3": 60, "6": 60}, "291": {"1": 60, "9": 60}, "292": {"4": 60, "5": 60}, "293": {"0": 60, "8": 60}, "294": {"0": 60, "8": 60}, "295": {"2": 60, "7": 60}, "296": {"2": 60, "7": 60}, "297": {"2": 60, "7": 60}, "298": {"2": 60, "7": 60}, "299": {"1": 60, "9": 60}, "300": {"1": 60, "9": 60}, "301": {"1": 60, "9": 60}, "302": {"1": 60, "9": 60}, "303": {"1": 60, "9": 60}, "304": {"1": 60, "9": 60}, "305": {"1": 60, "9": 60}, "306": {"1": 60, "9": 60}, "307": {"1": 60, "9": 60}, "308": {"1": 60, "9": 60}, "309": {"1": 60, "9": 60}, "310": {"1": 60, "9": 60}, "311": {"1": 60, "9": 60}, "312": {"1": 60, "9": 60}, "313": {"1": 60, "9": 60}, "314": {"1": 60, "9": 60}, "315": {"1": 60, "9": 60}, "316": {"1": 60, "9": 60}, "317": {"1": 60, "9": 60}, "318": {"1": 60, "9": 60}, "319": {"1": 60, "9": 60}, "320": {"1": 60, "9": 60}, "321": {"1": 60, "9": 60}, "322": {"1": 60, "9": 60}, "323": {"1": 60, "9": 60}, "324": {"1": 60, "9": 60}, "325": {"1": 60, "9": 60}, "326": {"1": 60, "9": 60}, "327": {"1": 60, "9": 60}, "328": {"1": 60, "9": 60}, "329": {"1": 60, "9": 60}, "330": {"1": 60, "9": 60}, "331": {"1": 60, "9": 60}, "332": {"1": 60, "9": 60}, "333": {"1": 60, "9": 60}, "334": {"1": 60, "9": 60}, "335": {"1": 60, "9": 60}, "336": {"1": 60, "9": 60}, "337": {"1": 60, "9": 60}, "338": {"1": 60, "9": 60}, "339": {"1": 60, "9": 60}, "340": {"1": 60, "9": 60}, "341": {"1": 60, "9": 60}, "342": {"1": 60, "9": 60}, "343": {"1": 60, "9": 60}, "344": {"1": 60, "9": 60}, "345": {"1": 60, "9": 60}, "346": {"1": 60, "9": 60}, "347": {"1": 60, "9": 60}, "348": {"1": 60, "9": 60}, "349": {"1": 60, "9": 60}, "350": {"1": 60, "9": 60}, "351": {"1": 60, "9": 60}, "352": {"1": 60, "9": 60}, "353": {"1": 60, "9": 60}, "354": {"1": 60, "9": 60}, "355": {"1": 60, "9": 60}, "356": {"1": 60, "9": 60}, "357": {"1": 60, "9": 60}, "358": {"1": 60, "9": 60}, "359": {"1": 60, "9": 60}, "360": {"1": 60, "9": 60}, "361": {"1": 60, "9": 60}, "362": {"1": 60, "9": 60}, "363": {"1": 60, "9": 60}, "364": {"1": 60, "9": 60}, "365": {"1": 60, "9": 60}, "366": {"1": 60, "9": 60}, "367": {"1": 60, "9": 60}, "368": {"1": 60, "9": 60}, "369": {"1": 60, "9": 60}, "370": {"1": 60, "9": 60}, "371": {"1": 60, "9": 60}, "372": {"1": 60, "9": 60}, "373": {"1": 60, "9": 60}, "374": {"1": 60, "9": 60}, "375": {"1": 60, "9": 60}, "376": {"1": 60, "9": 60}, "377": {"1": 60, "9": 60}, "378": {"1": 60, "9": 60}, "379": {"1": 60, "9": 60}, "380": {"0": 60, "8": 60}, "381": {"4": 60, "5": 60}, "382": {"1": 60, "9": 60}, "383": {"0": 60, "8": 60}, "384": {"1": 60, "9": 60}, "385": {"3": 60, "6": 60}, "386": {"4": 60, "5": 60}, "387": {"1": 60, "9": 60}, "388": {"4": 60, "5": 60}, "389": {"0": 60, "8": 60}, "390": {"2": 60, "7": 60}, "391": {"3": 60, "6": 60}, "392": {"0": 60, "8": 60}, "393": {"1": 60, "9": 60}, "394": {"0": 60, "8": 60}, "395": {"0": 60, "8": 60}, "396": {"3": 60, "6": 60}, "397": {"2": 60, "7": 60}, "398": {"3": 60, "6": 60}, "399": {"4": 60, "5": 60}, "400": {"2": 60, "7": 60}, "401": {"2": 60, "7": 60}, "402": {"2": 60, "7": 60}, "403": {"2": 60, "7": 60}, "404": {"2": 60, "7": 60}, "405": {"2": 60, "7": 60}, "406": {"2": 60, "7": 60}, "407": {"2": 60, "7": 60}, "408": {"2": 60, "7": 60}, "409": {"2": 60, "7": 60}, "410": {"2": 60, "7": 60}, "411": {"2": 60, "7": 60}, "412": {"2": 60, "7": 60}, "413": {"2": 60, "7": 60}, "414": {"2": 60, "7": 60}, "415": {"2": 60, "7": 60}, "416": {"2": 60, "7": 60}, "417": {"2": 60, "7": 60}, "418": {"2": 60, "7": 60}, "419": {"2": 60, "7": 60}, "420": {"2": 60, "7": 60}, "421": {"2": 60, "7": 60}, "422": {"2": 60, "7": 60}, "423": {"2": 60, "7": 60}, "424": {"2": 60, "7": 60}, "425": {"2": 60, "7": 60}, "426": {"2": 60, "7": 60}, "427": {"2": 60, "7": 60}, "428": {"2": 60, "7": 60}, "429": {"2": 60, "7": 60}, "430": {"2": 60, "7": 60}, "431": {"2": 60, "7": 60}, "432": {"2": 60, "7": 60}, "433": {"2": 60, "7": 60}, "434": {"2": 60, "7": 60}, "435": {"2": 60, "7": 60}, "436": {"2": 60, "7": 60}, "437": {"2": 60, "7": 60}, "438": {"2": 60, "7": 60}, "439": {"2": 60, "7": 60}, "440": {"2": 60, "7": 60}, "441": {"2": 60, "7": 60}, "442": {"2": 60, "7": 60}, "443": {"2": 60, "7": 60}, "444": {"2": 60, "7": 60}, "445": {"2": 60, "7": 60}, "446": {"2": 60, "7": 60}, "447": {"2": 60, "7": 60}, "448": {"2": 60, "7": 60}, "449": {"2": 60, "7": 60}, "450": {"2": 60, "7": 60}, "451": {"2": 60, "7": 60}, "452": {"2": 60, "7": 60}, "453": {"2": 60, "7": 60}, "454": {"2": 60, "7": 60}, "455": {"2": 60, "7": 60}, "456": {"2": 60, "7": 60}, "457": {"2": 60, "7": 60}, "458": {"2": 60, "7": 60}, "459": {"2": 60, "7": 60}, "460": {"2": 60, "7": 60}, "461": {"2": 60, "7": 60}, "462": {"2": 60, "7": 60}, "463": {"2": 60, "7": 60}, "464": {"2": 60, "7": 60}, "465": {"2": 60, "7": 60}, "466": {"2": 60, "7": 60}, "467": {"2": 60, "7": 60}, "468": {"2": 60, "7": 60}, "469": {"2": 60, "7": 60}, "470": {"2": 60, "7": 60}, "471": {"2": 60, "7": 60}, "472": {"2": 60, "7": 60}, "473": {"2": 60, "7": 60}, "474": {"2": 60, "7": 60}, "475": {"2": 60, "7": 60}, "476": {"2": 60, "7": 60}, "477": {"2": 60, "7": 60}, "478": {"2": 60, "7": 60}, "479": {"2": 60, "7": 60}, "480": {"1": 60, "9": 60}, "481": {"3": 60, "6": 60}, "482": {"4": 60, "5": 60}, "483": {"4": 60, "5": 60}, "484": {"3": 60, "6": 60}, "485": {"4": 60, "5": 60}, "486": {"3": 60, "6": 60}, "487": {"2": 60, "7": 60}, "488": {"2": 60, "7": 60}, "489": {"1": 60, "9": 60}, "490": {"3": 60, "6": 60}, "491": {"1": 60, "9": 60}, "492": {"0": 60, "8": 60}, "493": {"3": 60, "6": 60}, "494": {"2": 60, "7": 60}, "495": {"4": 60, "5": 60}, "496": {"0": 60, "8": 60}, "497": {"0": 60, "8": 60}, "498": {"2": 60, "7": 60}, "499": {"3": 60, "6": 60}}